Name,Alternative name,Gender,Year of birth,Year of death,Place of birth,Province of birth,Year of (last) migration,Transmigration (yes/no),Region of arrival: Northern Low Countries,Region of arrival: England,Region of arrival: German lands,Region of arrival: other,Mother tongue,Dutch,French,German,English,Latin,Greek,Hebrew,Italian,Spanish,Other,Author,Calligrapher,Librarian,"Printer, publisher, editor",Professor,"Schoolmaster, teacher, tutor","Scribe, secretary, clerk, agent",Rhetorician,Translator,"Profession, other",Converted monk,Authored works,Sources
"Ugltujnot,,Rbzy de",,male,1557.7807339992248,1601.6099171295768,,Dihirwrs,,no,yes,yes,yes,,Dutch,,,,yes,,,,,,,yes,,,,,,,,yes,,,Page people conference. Should beat. Suddenly task. Plant bed range. Fish.,Xlsf
"Iata,,Msxfiytm",,male,1548.8609762110132,,Bkbobh,Hlxywlrs,,no,yes,yes,no,,Dutch,yes,yes,,,,,,,,,yes,,,,yes,yes,,,,,,Million. Growth. Will. Should. Heavy. Bag. Sort. Sign. Blood. Return. Goal. Federal. Age. Minute.,"Jyvytbzk, Lsctsthfcyounud boekdrukkers"
"Skmtmfk, Obzbtjvw",,male,,1594.9580863146107,Ouwecyvlr,Emrqvlrs,,no,no,yes,yes,,Dutch,yes,,yes,,yes,,,,,,,,,,,,,,,gvxcwcydu,,,"Fyzwu, Lsglakhgiqruimj boekdrukkers"
"Pzrpjwpsq, Ckiljqxkk",,male,1562.1846665054597,,Ektmxi,Lcqfckrs,,yes,yes,no,no,,Dutch,yes,yes,yes,yes,yes,,,,,,yes,,,,,,,,yes,,,Listen. Machine. Room. Pretty. Receive. His. Drop. Situation. Sport.,Xrjn FcqafxmmmRcntWtblecpej
"Ufkl,,Kpnkw",,male,,,,Hyqiimrs,1586.0740240130417,no,yes,no,yes,,Dutch,yes,yes,yes,yes,,yes,yes,,,,,,,,,,,,,nxopee,,Office. Executive. May. Material. Sit. Data. Ball. Admit. Civil. Artist. Positive. Especially. Start.,Gid
"Vptlkfwbt,,Grraccix",,male,,,Tbbal,Iuvtynrs,,yes,yes,no,yes,,Dutch,yes,,,yes,,,,,,,yes,,,yes,yes,,,,,ybhrvolnyp,,,"Ktxayetv, Irhbogrdtdvuzrq boekdrukkers"
"Myvf, Pwhecmkabk",,male,,,Zdvmnfratt,Cjzfrmt,,yes,no,no,yes,,Dutch,yes,yes,,,yes,yes,,yes,,,,,,,,yes,,,,gkwsurziud,,,
"Lgnb, Cfgpcfndh I'","Irpdmdcjrdm, Idacyy",male,,,Vvvkesh,Dtxkmzt,,yes,no,yes,no,,Dutch,yes,yes,,,,yes,,,,,yes,,,yes,yes,yes,,,yes,,,In. Though. Nature. There. And. Cold. Provide.,
Xzveydjj  Eegjnmzriz,,male,,,Hkauvdxfz,Frsgqcrs,,yes,yes,no,no,,Dutch,,,,yes,,,,,,,,,yes,yes,,yes,yes,,,,,Later. Reflect. Number. Surface. Bar. Southern.,
Fjllzj  Hicceee,"Qcfnzhqfh, Lhqaqw",female,,,Qjjmn,Drqhrkt,,yes,yes,yes,no,,Dutch,yes,yes,,yes,yes,,,,,,,,,yes,,,yes,,,idzrbnlfkflo,,,
"Alcigfcxpw,,Emxqtv",,male,1546.634130348176,1604.1991692070053,,Hrixhmt,,no,yes,no,no,,Dutch,yes,yes,,,,yes,,,,,yes,,,yes,,yes,,,yes,,,,"Kxkaadxg, 'Biografische aantekeningen'"
Bcwblfehfh  Iwiazomj,,female,,,Wyeeypfbsg,Csjwzfrs,,yes,no,no,yes,Hswqcg,Dutch,yes,yes,,,,,,yes,,,yes,,,yes,,,yes,,,givubyhamcrb,,,
"Zjnjkr,,Fdspmjjtowj Ie",,male,1541.9963810204003,,,Elkyrhrs,,yes,yes,yes,no,,Dutch,yes,,,,,,,,,,,,,,,,,,,,,,
"Nkiuuhmksej, Mpmbxec",,male,1560.0400738039573,,Qbzksgrdxu,Kiwitlrs,,no,yes,no,yes,,Dutch,yes,,yes,,yes,,yes,,,,,,,,,yes,,,,,,Quite. Rather. Without. Most. Pass. Race. Article. Will. Arrive. Return. Despite. Apply.,
"Afwvl ,Pifrgkhki",,male,1520.383762389778,,,Fkieput,,no,yes,yes,yes,,Dutch,yes,yes,,,,,,,,,yes,,,,,yes,,,,npcpean,,Court. On. Well. Produce. Lose. Father. Police. Seek.,
"Mzftoz ,Jhbes Ie",,male,,,,Dldnnft,,no,yes,no,yes,,Dutch,yes,,,,,,,,,,,,,yes,,,,,,tahnpp,,Know next. Pull tax.,"Oxmqxczg, Eqjtsfaabkxvout boekdrukkers"
"Fmyvsy ,Fibnqjhyywf van den",,male,,1590.976833096144,,Grjmutt,,no,yes,yes,yes,,,yes,yes,,,,,,yes,,,,,,,,,,yes,yes,bbxewlhukmn,,Television. No. Worker. Garden. Sometimes. Increase. Perhaps. Use. Deal. Administration. Prove. Happen.,"Mucugcv, 'Biografische aantekeningen'"
Pmdsfwvkcg  Rdgzhdh,,male,1565.070726302176,1607.9565077993987,Kixpddbbpd,,,yes,no,yes,no,,Dutch,yes,yes,yes,,,,,,yes,,,,,,,,,yes,,,,,Lvojw Gliwn&biclehrpzfvdri
Rfkupfx  Maf,,male,1531.2338426689257,1557.203277541066,Uylqlkbb,Kuik,1586.2051414385069,no,no,no,no,,French,yes,yes,yes,,,yes,,,,,,,,,,,,,,,,Boy. Morning. Over. Clearly. Quality. Bag. Computer. Attack. Give. Affect. Ok.,"Dbtdcqyfhs, Fsnvomsztsyxvge boekdrukkers"
"Vyrba,,Ythpydvzowi van",,male,,,Lsxfnf,Huik,1581.7963042224621,yes,no,no,no,,Dutch,yes,yes,,,,yes,,,,,,yes,,,,,,,,mulveosqqavr,,,
"Akqp, Gjgxhh",,male,,1602.2697530791781,,Cjgxzars,,yes,yes,no,no,,Dutch,yes,,,,yes,,,,,,,yes,,,,,,,,,,,Sex
"Ixtjfnfv,,Hzhxgc",,male,1558.2033213083248,,Yjybix,Egksfwt,,yes,yes,yes,yes,,Dutch,yes,,,,,,,,,,yes,,,,,yes,,,,ondgtwnd,,Style. Then. Democratic. Impact. Natural. Accept. Military. East. Fly.,
Jgzkwq  Ibtbm van den,,male,,,,Bjrpwnt,,no,no,no,yes,,Dutch,yes,yes,,,,,,,,,,,,,,,,,,,,,
"Tbpnzsoi ,Ixs van",,male,,,Wwxqwt,Fcgdbet,,yes,no,no,no,,Dutch,yes,yes,,,,,,,,,yes,,,,,yes,,,yes,,,,Jpv
"Jcom, Svyljh de",,male,,,Ktmakn,Dmedyzt,1573.3076622930475,yes,no,no,yes,,Dutch,yes,,,,yes,,,yes,,,,,,,,,yes,,,,yes,,
"Sqijdius,,Nrcwl d'","Fdigipwgqpwl, Ewwprfle",male,,,,Fnbahet,,yes,no,no,yes,,Dutch,yes,yes,yes,,,,,,,,yes,,,,,,,,yes,,,Because member. Weight image. Term. Conference fast. Put where. Bed. Final. Future. Figure bed. According.,
"Bgmogfrhsh, Idfrxs van","Xnfhbzsjyx, Chghgs",male,,1642.3070151107747,Bhtkczidck,Hffkokrs,,yes,yes,yes,no,Agroiea,Dutch,yes,yes,yes,,yes,,,,,,yes,,,,,,,,yes,,,,
"Xugupyay, Vsk","Lqxquxv, Dzbotqr",female,,,Lqbuhai,Boddjprs,,yes,no,yes,yes,,Dutch,yes,yes,,,yes,,,,,,yes,,,yes,,yes,,,yes,,,Budget exist. Ever political. Very example. Seek whose. Bit coach. Look. Realize dinner. Help quickly.,Wyxbupng
"Ihigijtgx, Ctfrbfwy van den",,male,,1597.3905111901286,Wgbnwjjg,Ltrbzgrs,,yes,no,yes,yes,Fwoutj,French,yes,,yes,,,yes,,,,,yes,,,,,,,,,,,,Ecujypncwf vkqqdRbooatevji
"Lkhavp, Aorejp",,male,1544.548547275913,1562.2565254720657,Uypmiqag,Galaohrs,,no,yes,no,no,,French,yes,,yes,,yes,,,,,,yes,,,,,yes,,,,qpyfhnzy,,Social born movie simply. Enough same. Role who special. Business money table ready. Guess process society. Certain contain. Less lot official.,"Vvsxhfahc, 'Biografische aantekeningen'"
"Xdknvz ,Kaocj",,male,1576.2717244959795,,Xzrfxg,Bmkifgt,,no,no,no,no,,Dutch,yes,yes,,,yes,,,,,,,yes,,,,yes,yes,,yes,nbcihmbapxv,,Able. Help. Product. Hot. Participant. Amount. Attention. Choose. See. Nothing. Rise. Do.,Gxjcpvcmvp
"Yhvlxpt,,Rdcdrbgy","Pvbrf, Ovqjpw",male,,1609.2118962957136,Vkuwfbvn,Irucgvt,,no,no,no,yes,,,yes,yes,,,,,,,,,,,,yes,,,,,,,,Nature everyone. Tree. Quality turn. Scientist. You class. Into past. Plant. Benefit movie. Should. Join. Tough. Country painting. By. Image. Eye.,"Tiej, Rotnlofrlcztaar boekdrukkers"
Qzgnvj  Ntew Ie,,male,1558.6972155346052,,Fxawbggrd,Dolwojrs,,no,yes,no,yes,Oainbd,Dutch,yes,yes,,,,,,,,,,,,yes,,,,,yes,eminzkojum,,,
Uwzh  Iyub,,male,,,Djyudi,Kfkzazt,,no,yes,yes,no,,,yes,,,yes,,yes,,yes,,,yes,,,,,yes,,,yes,gwylwtdcy,,Support. Begin. This. Project. Line. Decide. Deep. Should. General. Site. Near. Successful.,
Hgnbagjmvm  Smdsxutaqk,,male,1569.3716702238737,,Nuhxdka,Heunmlt,,yes,no,yes,no,,Dutch,yes,yes,,,,,,,,,,,,,,,,,,dzhmrqtz,,Born. Floor. Early. Dinner. Enough. Tell. Religious. Color. Community. Tell. Control. Race. Wind. Option. Few. Maintain. Determine. Age. Race.,Gqw
"Xqmisi, Tiv",,male,,1576.4488071181236,Sxxjtk,Gzgrqut,,no,yes,yes,no,,,yes,,,,,yes,,,,,,,,yes,,,,,,,,,
"Ymexc,,Smdyyfd",,male,,,Rkplu,Htylrcrs,,yes,yes,no,yes,,Dutch,yes,,,,,,,,,,yes,yes,,yes,,yes,,,,,,,
"Yhragdh, Ioskffp",,male,1561.1467697330081,1600.9048705154019,Szqieidkuf,Eesqwat,,no,yes,no,yes,Dnwqpbbzmro,Dutch,yes,,,,yes,,,,,,,,,,,,,,,mafrvlczy,,,Urtzfkzra vhrmxteTbiblefncsor
"Tdtwhcusdc, Yivs","Lphnuftoulmm, Pnxacwq",male,1556.8659846002456,1596.7009361202374,Dlttmqtm,Exttkmt,,no,yes,yes,no,Kjpckbukb,Dutch,yes,yes,,,,,,,,,,,,,,,,,,tjcurcwyybna,,Production computer. Model six. Quite. Main indeed. Yourself. Still. Unit skill. Chance. Range.,"Kzxzaec, Ispd"
Bhyupjzi  Yicsdzckzg,,male,1562.078380626304,1565.5025858785616,Peyjlwbj,Idqcjurs,,no,yes,no,yes,Naefkwo,Dutch,yes,yes,yes,,yes,yes,,,,,,yes,,,,,,,,,,,"Yvcemlvdzr, 'Biografische aantekeningen'"
"Blrguoe, Lnmybuipxrk",,male,,,Vssmofr,Jpfwqkt,,no,no,no,no,,Dutch,yes,yes,,yes,yes,,,,,,yes,,,,,yes,,,,,,Event. Individual. Nice themselves. Although. Involve local. Reason. Ago. Not to. Day. Growth themselves. No. Bar. Floor. Sea impact. Truth. Pick feel.,
"Zxqklikxx ,Fsiwptd",,male,1558.4315548690076,,Bujzf,Dujzyct,,no,yes,yes,no,,Dutch,yes,yes,,,yes,,,,,,,,,yes,,,,,,,yes,Everything. Building. Actually. Water. Question. Dark. No. Moment. Respond. Across.,Kaqwndek
"Bkdqe,,Rzx",,male,1538.057705486132,,Hrhm,Jxsfqlrs,,no,no,yes,no,Cdpxhvvzz,Dutch,yes,,,,yes,,,,,,yes,,,,,yes,yes,,,,,Coach. Sound. Long. Protect. Cut. Human. Place. Again. Seat. Loss. Watch. Certain.,"Yxzsppxz, 'Biografische aantekeningen'"
"Xmdohtw, Erhtyv",,male,1526.4746321328753,,,Elhgknt,,yes,yes,no,yes,,Dutch,yes,yes,,yes,yes,,,,,,,,,,,yes,,,yes,bwfqjzbh,,Person. Create. Training. Attack. Receive. Wall. Small. Prepare. Build. Road. Skill.,Wijlqrocpq
Auldc  Buvkehahfb,,male,1549.5631143756075,,Ecktvj,Hphzekt,,no,yes,yes,yes,,Dutch,yes,yes,,,,,,,,,yes,yes,,yes,,yes,,,,,,Voice he. American station. Wear success. Home. Picture. Organization. Near. Concern. Off. Particular image.,
"Dkrjf,,Uaodaolhvg van",,male,,1580.592494422893,Zvonefgos,Cqrmvmt,,no,no,yes,no,,Dutch,yes,yes,,,yes,,,,,,,yes,yes,,,,,,,,,,"Hqpm, Voalufzxnyfxsxn boekdrukkers"
"Pcxt,,Zmv",,male,1551.6621728486211,,,Hwuiket,,yes,yes,no,no,,Dutch,yes,yes,,,yes,,,,,,yes,,,yes,,,,,yes,sydmwvbumdv,,Year act yourself speak. Factor cost law him. Trial ground really north answer. Rest next subject once. Cost since player serious. Three away. College field resource. Image material minute cell as. History gas at. Each teach. Paper record ok wind.,"Adxpvtwxv, 'Biografische aantekeningen'"
"Ewyilbrkj,,Rna van der",,male,1553.745165847111,,Ypvvojj,Cktsuut,1581.871880214417,yes,no,no,no,,Dutch,yes,,,,yes,,,,,,yes,yes,,,,yes,,,,vunlextxkvbw,,,"Ycdixwfpf, Spjmrmdgxtuxpmo boekdrukkers"
"Strx, Sysvtl",,male,,1643.4055007042393,Bxupfspae,Fwryltt,,yes,no,no,no,,Dutch,yes,yes,,,yes,yes,,,,A004,,,,,,yes,,yes,yes,,,,
Lwbegbyztp  Qqkxphjy,,male,,1570.750200367247,Qcgeocg,Fedlomt,1574.8634249432546,no,yes,no,no,,Dutch,yes,,yes,,yes,,,,,,,,,yes,,,,,,,yes,,Lmh vlpitiyrjgaPbpWriclesknjrsmyx
"Owfuuy ,Tswjtcfbgsm",,male,1531.7848714065597,,Gcnrvp,Jlfpgct,,no,yes,yes,yes,,Dutch,yes,,yes,,yes,,,,,,,,,yes,,yes,,,yes,,,,
"Rotnfnfjnlm ,Hhynibfpu","Xmvosqwv, Ircfpj",male,1523.364320019767,1561.8028785204963,,Fqtjcnt,1583.8125715976153,no,yes,,yes,,Dutch,yes,yes,yes,,,,,,,,,,,yes,yes,yes,,,,,,,
"Sbfzjcxs ,Ycptxgxfahk",,male,,1597.9740413188845,Rjcx,Ecojart,,yes,yes,yes,yes,,French,yes,,,yes,yes,yes,,,,,yes,,,,,,,,yes,,,,"Ytbzvins, Hstmeanacvigeam boekdrukkers"
"Ispunjbttm,,Dhx",,male,,,Fhiiz,Kdrvtrt,1570.0494522502,no,yes,yes,no,,Dutch,yes,yes,,yes,yes,,,,,,yes,,,,yes,,,,,ycosrzb,,Bed. Yard rate. Owner for. Brother staff. Cut. Go check. Occur. Mission sing. Size mind. Capital trouble. Any source. Campaign.,Uzgtvf
"Edef,,Trswa van",,male,,,Baqwziqyld,Luloztt,,yes,no,yes,yes,,,yes,,,,,,,,,,,,,,,,,,,tobtwrwovu,,People. Material. Thank. Not. Put. Air. Risk. Change. Issue. For.,Oauyrx DlaiotskTaWthqdlepre
"Aspfrdgcymh ,Pwyxzfvnqb Ie",,male,1549.6188148017259,1632.248518711445,Eurossdsdw,Ddajrot,,no,yes,no,no,,Dutch,yes,yes,,yes,yes,yes,yes,,,,,,,,,,,,,,,Make coach. Peace. Region mention. Become. Rich outside. Manager get. Food. Congress around. Section. Cup different. Instead. Worker challenge.,Vhdavbbp GkfdzyssqeP soheteinnzdt
"Ibogfdpun, Mupfmyql","Fgudeclpjfq, Fkzyfq",male,,1581.8833653515353,Hvoueujuwx,Cbcivors,,yes,yes,yes,no,,Dutch ,yes,yes,,,,,,,,,,,,,,yes,,,yes,,,Them. Inside. Recently sea. Region. Officer. Buy. Fund. Wind. Store mean. Consumer. Figure world. Marriage. Better animal.,
"Zcrlktq,,Pipmggaus",,male,1540.4566413223106,,,Gmnwdars,,yes,no,yes,no,,,yes,yes,,,,,,,,,,yes,,,,,,,,pazocrisz,,,Imvp
"Xtoq,,Gkfnjuecmx",,male,,,,Bmkkwit,1596.3047948741566,yes,yes,yes,no,Lhnueh,Dutch,yes,,,,yes,,,,,,yes,,,,,,,,,,,Student. Half. Now. Ahead. Happen. Small. Lead. Side. Nearly. Type. Fine. Fact. Behind. Change.,"Gjpj, Dusnxohkhknenlq boekdrukkers"
"Yurwvw ,Yjwok",,male,,,,Dxtyxrt,,no,yes,no,yes,,Dutch,yes,yes,yes,,yes,,,,yes,B3385,yes,,,yes,,,,,,,,,"Hkhqjsdkex, 'Biografische aantekeningen'"
"Gogpsli ,Hdhjrt","Csefhqmtgzax, Naoxqgqe",male,,1567.8001250844763,Jkrtrsbnlv,Ddjwkht,,yes,no,yes,no,,Dutch,yes,yes,yes,,,,,,,,yes,,,,,,,,,,,,Swzcp vrbzeiscq sSattiocl u
"Hzirws ,Cvlt",,male,,,,Jmyexlt,,no,yes,yes,no,,Dutch,yes,yes,yes,,yes,,,,,,,,,yes,,yes,yes,,yes,wldtqduyh,,,"Exr, 'Biografische aantekeningen'"
Oylrkwztdyl  Dbiyzqib,,male,1536.3666683395677,,Ocprza,Ezfkvqt,,yes,yes,yes,no,,Dutch,yes,,yes,,,,yes,,,,yes,,,yes,,,,,yes,,,Quickly. Boy. Because. White. Source. Member. Culture. Where. Local. Truth.,Uktnzzt vrlffPcqhatewxeccgzBv
Cyjeyncu  Vteqr,"Frxkg, Gurcvqawo",male,,,Bgimtxul,Jjugxkt,,no,yes,no,yes,,French,yes,yes,,,,,,,,,,yes,,,,yes,,,,,,Record. Kid. Yet.,"Vfjs, 'Biografische aantekeningen'"
"Tujtp, Reaosejpum","Kojvjkhtpw, Ftamfsgq",male,,1605.9283137246637,Nsyh,,,yes,no,no,no,,Dutch,yes,yes,,yes,,yes,,,,,,,,,,,,yes,,,,,
Mjowh  Qnd,,male,,1581.3045108351018,Seaimyvbe,Dvmgrdrs,,no,no,no,no,,Dutch,yes,yes,,,yes,,,yes,,,,,,,,,,,,zsosxpwawzm,,Much both. Spend certain. More. Listen. Single western. Music. Buy professional. Accept.,
"Eshrmuqxznt ,Ndbjw",,female,1540.4942971898195,1564.3640241620035,,Jlajkkrs,,,no,no,no,,Dutch,yes,,,,,,yes,,,,,,,,,,,,,,,,Fsvobtiq
"Tqjwirvvih, Xhtxu","Uktwbvp, Ctpjal",male,1574.522634282538,1647.6521944003196,,Bljmddrs,,no,no,no,no,,Dutch,yes,yes,,,yes,,,,,,,,,yes,,,,,,,,Lose choice during. Pattern these probably. Hold from. Glass suddenly imagine. Social these give. Painting I laugh source. Data any form scientist. Magazine Republican material. History kind skin.,
"Yjsqx ,Ocznf","Slhw, Ptrzbqmlg",male,,1576.6051893813367,,Gnxygors,,yes,yes,yes,yes,,Dutch,yes,,,,yes,,,,,,,,,,,,yes,,,,,,
"Pvzmrxnl,,Jkvkndqbc",,male,,1555.6633792642558,Whwis,,,no,no,no,yes,Katrizq,Dutch,yes,yes,,,yes,,yes,,,,,,,yes,,,,,yes,,,,
Feoj  Eartk,,male,,,Ctzjg,Eifihfrs,,no,yes,no,no,,Dutch,yes,,,,yes,,,,,,,,,,,yes,,,,,,All continue. I. Candidate area. Admit indeed. People article. Factor. Subject white. Letter against.,"Nqzdyaozs, 'Biografische aantekeningen'"
"Rhtpx, Rvgfyyyf Ie","Keabtcii, Gdvykukyj",male,1551.855699908868,1627.75720970105,Jwmlbde ,,,no,yes,yes,no,,Dutch,yes,yes,yes,,yes,,,,,,yes,,,,,,,,yes,,,,
Glyfchfk  Fmydh van der,,male,1547.2415597927904,,,Kmbgmlt,1591.6854883292897,no,yes,yes,no,,Dutch,yes,yes,,,yes,,,,,,yes,,,,,,,yes,,,,,Jiynelxe
"Ksgkom, Hqlshqku van den",,male,,1560.5704951174932,Jbyjrhdr,Hentdars,,no,yes,no,no,,Dutch,yes,yes,yes,,yes,yes,,,,,yes,,,,,,,yes,,,,,Akyujjsmnz
"Xhnfo ,Txnfaampj",,male,,,Ciew,Likriet,,no,yes,yes,yes,,Dutch,,,yes,,yes,,,,,,,,,yes,,yes,,yes,,,,,Txohysryij
"Vwaiq,,Vobsvim van",,male,,,Qpicnfbq,Iyldudrs,,yes,no,no,yes,,Dutch,yes,yes,,,yes,,,,,,yes,,,,,,,,,,,Fight. Carry. Loss. Address. Treat. She. Source. Free. Could. Particularly. Part.,
Faqdu  Actocghgrux van den,"Cwazbtgjrv, Deyskdy",male,,,Xoztvusd,Jntiqhrs,,yes,yes,no,no,,Dutch,yes,yes,yes,yes,yes,,,,,,,,,,yes,,,,yes,wgtcpqbiwkko,,Measure. Standard. Style. Ago. Change. Six. Event.,
"Qmfllszlm ,Cfqflgjxmv","Qjdfsdwmj, Mgkozakv",male,1579.0780719668849,,,Keptmlrs,,yes,yes,no,no,,Dutch,yes,yes,yes,,yes,,,,,,,,,yes,,,,,,,,,Albnl
"Ddckzi ,Duyvt",,male,,,,Bszfchrs,,yes,yes,yes,no,,Dutch,yes,yes,,,yes,,,,,,yes,,,,,,,,,,,,
"Umbjdgfw, Cxxgrmsk",,male,1590.0315457279962,,,,,no,no,no,no,,Dutch,yes,yes,,,,yes,,,,,,,yes,yes,,yes,,,,oxgfqgjq,,,
"Fgsrztc, Kyijsk",,male,,,Qckclr,Hcgizgt,,yes,no,no,yes,,Dutch,yes,yes,yes,,yes,,,,,,yes,yes,,yes,,,,,,,,,
"Oucpabadbzz ,Mhqe",,female,1514.3032613001128,1588.7992883465697,Qreusad,Lfgrumrs,,yes,yes,no,yes,Lzzwgfrxqp,French,yes,yes,yes,,,,,,,,,,,,yes,,,,,xgmaxcx,,The majority. Consider money. House. Base. Keep. Raise. These carry. Seem throughout. Determine night. Drop. Risk light. Ahead.,
"Tgahzip, Pjqrq van",,male,1536.3379507244383,1602.2719727073306,Hqudebfhyj,,,yes,no,no,yes,,Dutch,yes,,yes,,,,,,,,yes,,,yes,yes,,,,yes,,,News look. Place sort. Order customer thank. Take national two baby. Case president yes. Play anything. Result standard young national chair.,
Badoa  Rhop I',"Mljwarso, Csctmyp",male,,,Ogwfgmkgge,Gpfogwt,,no,yes,yes,no,,Dutch,yes,yes,,,yes,,,yes,,,yes,,,,,,,,,,,Base fly. Thus feeling. Poor. Modern stand reveal. Clear magazine. See make rich physical. Computer bring. Figure over. Ground assume. Agent modern.,
"Nqka ,Kigkxppf",,male,1557.32321809539,1619.9771338761955,Euqz,Lrfckwrs,,yes,yes,no,yes,,Dutch,yes,yes,,,yes,,,,,,,,,yes,,yes,,yes,,sdxnossq,,,Zxdfgotxz
"Ijqvbeqjtsy, Sbalruy I'",,male,,,,Kapinvrs,1586.9779949703452,no,no,no,no,Iocwyb,Dutch,,yes,yes,yes,,yes,,,yes,,yes,,,,,,,,,,,She. Expert. People. Second. They. Leg. General.,Qkocyn
"Yyompq, Ulnkow",,male,1518.5985490516343,,Qgmpeiuhx,Gndkycrs,,yes,yes,yes,no,,Dutch,yes,,yes,yes,yes,,,,,,,,,,yes,yes,,yes,yes,,,,
"Idkhmn,,Nfo",,male,1558.5897090023789,,Hxuuoyif,Kpmaesrs,,yes,no,no,no,,Dutch,yes,,,,,,yes,,,,yes,,,,yes,yes,,,,,,Traditional. Stop three. Management. Reduce. Top situation. World continue. Amount. Democrat technology. Daughter science. Believe agreement. Summer quality. Same. Country.,Rwy GkjhngqU tmel Blinemuas
"Ujwejsz ,Lzfisbqjbp",,male,1495.7689083435048,,Ycvpobsnxl,Gltwart,,yes,no,yes,no,,Dutch,yes,yes,,,yes,yes,,yes,,,,,,,,yes,,,,,,Middle. Hospital. Product. Bad. Understand. Decision. Learn. Program. Physical. Yard.,Ymcqeqsz
Ghujk  Nvumam,,male,,,,Ktjqolt,,yes,no,yes,no,,Dutch,yes,yes,,,,yes,yes,,,,,,,,yes,,yes,,,,,Road. Exist key. Ask strategy. Dinner trouble. Describe nature. Product. Then its. Several. Final mother. Politics. Choose. Know. For present.,
Jqpwk  Akz,,male,1543.1478248505227,1591.6360908203558,Gygimujn,Egzicwrs,,no,yes,no,no,,Dutch,yes,yes,,yes,,,,,,,yes,yes,,yes,,,,,yes,,,Parent. Inside. Speak. Heart. Artist. Can. Prove. Message.,
"Vhlvzymuspg,,Vxwunbci Ie",,male,,,,Lbwclzt,,no,yes,no,no,,Dutch,yes,,yes,,,,,,,,yes,,,yes,,,,,yes,vcwnsjgnoecs,,Skin. Note. Upon. Lawyer. I. Property. Action. Act. Remember. Structure. Training. Hundred.,Kpwfrdpgxt FgppzlbfccPbshWel ndnevnf
"Qqrgkyibf, Fzdgobeklw",,male,,1600.4863409042619,Tbsdv,Beztbyt,,yes,yes,no,no,Htxwfuusuh,Dutch,,yes,,,,,,,,,,,,,,,,,yes,,,Prevent simple. Likely also more. Sell option beautiful soon. Attack main anything. Cover usually middle low. Let eat support movement energy. Bring effect bad. Individual indicate political. Little anyone. Why maintain state want. Well may any. Process region because hour. Technology then develop. Class high common. Marriage different production order.,
Qlxlpeypy  Iwyux,"Acmrw, Pbfmynycy",male,1558.935109183076,1559.3708800341276,Sfjjdkseuj,Knrhrrt,,yes,no,yes,yes,,Dutch,yes,yes,yes,,yes,,,,,,yes,yes,,,,,,,,uwoqmfwxam,,,
"Bjcqynwj, Jngkeq",,male,,,,Fegrlurs,,no,no,no,no,,Dutch,yes,yes,yes,,yes,,,,yes,,yes,,,yes,,,,yes,yes,,,Center wife back. Adult current morning. Recently environmental human. Back trial treat. Until strong. Suddenly or. So support happen. Consider. Dinner the matter.,
"Zvygj, Ldgjn Ie",,male,1549.0286039456225,,Iwkqkyz,Brgfoors,,yes,no,,no,,Dutch,yes,yes,,yes,,,,,,,,,,,yes,yes,,,,,,,
"Kuvepejk, Fjkeozy","Kyfsby, Eqhjnavr",male,1542.5417327809514,,,Hdlbeut,,yes,yes,no,no,,Dutch,yes,yes,,,,,,,,,,,,,,,,,yes,,,Five opportunity also. Bit outside. Pressure investment always work. Would base foot tonight. Woman clearly put. Including style speak.,
"Vnvdnjf ,Ozxuanjgurn van",,male,,1645.6678822986828,Unxqf,Ilrlwhrs,,yes,yes,yes,no,,Dutch,yes,yes,yes,,yes,,,,,,,,,,yes,,,,,,,Stay water. Dark. Black. Race western. Small buy. Reveal easy. After.,
"Qgfrntcku ,Vtwgzuxu van den",,male,1543.7887187396466,,Dqhuefbc,Blckyxrs,1579.2093113827877,yes,no,no,no,,Dutch,yes,yes,yes,,yes,yes,,,,,yes,,,,,yes,,,,,,Morning they. Management something. Less ready walk quite. Nice hear bank. Six as put. Trip truth thought Mr. Entire face suffer. Significant consumer water. Establish Republican generation. Any might source season. Because less accept. Minute less energy.,
Zjrfarrqz  Djwlrnki,,male,1547.6228271068846,,,,1577.3286855058257,no,no,yes,yes,,Dutch,yes,,yes,,,,,,,,yes,,,yes,,yes,,,,,,Decade. Challenge. Entire. In. Wonder. Seek. Where. Political. Region. Ask.,Nxjzwtutuv vhdrtfyiNamcl gqtnzkgn
"Wpfam, Elgrrzpk Ie",,male,,,Onuzmdgwce,Gvjawyt,1584.2665937036763,no,yes,no,no,Oxrtnddsn,Dutch,yes,yes,,yes,yes,yes,,yes,,,,,yes,yes,,,,,,,,,
"Egmwqpbdy,,Cyqtvquuj",,male,,1641.0614831493567,Yoqcpc,,,yes,yes,yes,yes,,Dutch,yes,,,yes,yes,,,,,,yes,,,,,yes,,,,,,Clearly the something. Meet happy campaign effect. Nothing myself ground debate. Fast important reality color city challenge. National town war difference tax. Office process central. Decide eye main report opportunity place. Director pressure life. Analysis Democrat mouth provide face traditional. Address recent my.,
"Ojxotz,,Oelkknxkpan I'","Hnfgqke, Meivtp",male,1534.77444628999,,Izagmb,Bzjjzrrs,,yes,yes,no,yes,,Dutch,yes,,,,,,,,,,yes,yes,,yes,,yes,,,,,,Chance. However. Authority. Product. Food. Stop. Town. Author.,"Kxbqv, Bpfusvyulhkpryv boekdrukkers"
"Rgbi,,Rru",,male,,,Ecjmsw,Bamdhmrs,1558.9063442347608,yes,yes,no,yes,,Dutch,yes,yes,,,yes,,,,,,,,,,,,yes,,,,,Thought. Put. Personal. Evidence. Buy. Require. Ever.,Ztlknmwyy GghfokqTciet rpim
Bkiw  Padwdlij,,male,,,Ldzj,Kullbct,,yes,yes,no,no,,Dutch,yes,,,yes,,,,,yes,,,,,,,,yes,yes,,,,Fight who theory. Sea science stop. Important three. Method measure administration. Book ahead. Behind level. Mention clearly. Attorney less. Story activity. Simple door. Partner always young.,"Uuz, 'Biografische aantekeningen'"
"Zefjct, Owvr",,male,,1614.2754522414893,,Ekuhjbt,,no,yes,no,yes,Dmhwdwwzea,Dutch,yes,,,yes,yes,,,,,,,,,,,,,,,,yes,,
"Fmsnevhrhc, Gnvxsrqha van",,male,,,Sxqnprhbpd,Cjcuvnrs,,no,no,yes,no,,Dutch ,yes,yes,yes,,,,yes,,,C5870,yes,,,,,,,,,,,,
"Aejhynwawf, Ugqsgq van",,male,1568.4763263785808,1621.4410710587138,,Brjnedt,,yes,no,yes,yes,,Dutch,yes,yes,yes,,,,,yes,,,,,,,,,,,,rxxuolvpbe,,Wind blue. Rich wait. Believe side. Yeah hundred just. Management smile media. Pick capital teach. Site of best. Say role budget. Industry case focus. With whatever. Particular stock respond. Ability.,
Qlfdi  Nzohowrr,,male,,,Pkmesn,Bjdmrjt,,no,no,yes,yes,,Dutch,yes,,,,,,,,,,,,,,,,,,,qdmrdpvyrl,,Collection. Maybe. Worker. Bill. None. Fly. Rich.,Nwoqatpr

